Patch Upgrade - Wed May  9 12:35:43 UTC 2018
Patch Upgrade - Wed May  9 12:35:43 UTC 2018
Patch Upgrade - Thu May 17 09:05:17 UTC 2018
Patch Upgrade - Thu May 17 09:05:17 UTC 2018
Patch Upgrade - Thu May 24 06:32:41 UTC 2018
Patch Upgrade - Thu May 24 06:32:41 UTC 2018
Patch Upgrade - Thu May 24 11:29:52 UTC 2018
Patch Upgrade - Thu May 24 11:29:52 UTC 2018
Patch Upgrade - Sun May 27 08:32:49 UTC 2018
Patch Upgrade - Sun May 27 08:32:49 UTC 2018
Patch Upgrade - Sun May 27 12:41:17 UTC 2018
Patch Upgrade - Sun May 27 12:41:17 UTC 2018
Patch Upgrade - Mon Jun  4 12:57:56 UTC 2018
